,weight,height,IMC,classification
Jose,67,1.7,23.18339100346021,appropriate
Anibal,68,1.67,24.38237297859371,appropriate
Rodolfo,56,1.69,19.607156612163443,appropriate
Margarita,78,1.7,26.989619377162633,overweight
Carolina,45,1.56,18.49112426035503,under weight
Augusto,68,1.65,24.977043158861342,appropriate
Juan,89,1.79,27.776910832995224,overweight
Alberto,102,1.78,32.19290493624542,grade 1 obesity
